{
  "project_info": {
    "project_number": "324482654670",
    "firebase_url": "https://guia-rango-entrega-3bca7.firebaseio.com",
    "project_id": "guia-rango-entrega-3bca7",
    "storage_bucket": "guia-rango-entrega-3bca7.appspot.com"
  },
  "client": [
    {
      "client_info": {
        "mobilesdk_app_id": "1:324482654670:android:cfd205e68ae7f551",
        "android_client_info": {
          "package_name": "br.com.guiarangoentrega"
        }
      },
      "oauth_client": [
        {
          "client_id": "324482654670-0rrut4rgf1q61r89skp14kr47ke7k401.apps.googleusercontent.com",
          "client_type": 3
        }
      ],
      "api_key": [
        {
          "current_key": "AIzaSyBplM3qLSiL0QrLKomlxll5fpmM-8ki_rY"
        }
      ],
      "services": {
        "analytics_service": {
          "status": 1
        },
        "appinvite_service": {
          "status": 1,
          "other_platform_oauth_client": []
        },
        "ads_service": {
          "status": 2
        }
      }
    }
  ],
  "configuration_version": "1"
}